Workbook

Sheet Resumen
A2: Resumen de aceptación del estudio
A3: El estudio se cierra solo cuando las cinco condiciones obligatorias están completas.
A5: Estado general
A6: Estado | B6: =IF(AND(B9=15,B10=15,B11=15,B12=3,B13=3,B14=3),"LISTO PARA CERRAR","PENDIENTE") -> LISTO PARA CERRAR
A8: Requisito | B8: Actual | C8: Meta
A9: Resultados registrados | B9: =COUNTIF(Registros!$H$6:$H$20,"Éxito")+COUNTIF(Registros!$H$6:$H$20,"Fallo") -> 15 | C9: 15
A10: Tiempos registrados | B10: =COUNT(Registros!$F$6:$F$20) -> 15 | C10: 15
A11: Comentarios textuales | B11: =COUNTIF(Registros!$K$6:$K$20,"?*") -> 15 | C11: 15
A12: Consentimientos firmados | B12: =COUNTIF(Evidencia!$C$6:$C$8,"Sí") -> 3 | C12: 3
A13: Fotografías válidas | B13: =COUNTIF(Evidencia!$D$6:$D$8,"Sí") -> 3 | C13: 3
A14: Sesiones completas | B14: =COUNTIF(Evidencia!$H$6:$H$8,"Completa") -> 3 | C14: 3
A17: Resultados por tarea
A18: Tarea | B18: Límite (seg) | C18: Éxitos | D18: Fallos | E18: Tiempo medio | F18: Tasa de éxito | G18: Dentro del límite
A19: F1 | B19: 180 | C19: =COUNTIFS(Registros!$C$6:$C$20,A19,Registros!$H$6:$H$20,"Éxito") -> 3 | D19: =COUNTIFS(Registros!$C$6:$C$20,A19,Registros!$H$6:$H$20,"Fallo") -> 0 | E19: =IFERROR(AVERAGEIF(Registros!$C$6:$C$20,A19,Registros!$F$6:$F$20)/86400,"") -> 0.0015046296 | F19: =C19/3 -> 1 | G19: =COUNTIFS(Registros!$C$6:$C$20,A19,Registros!$F$6:$F$20,">0",Registros!$F$6:$F$20,"<="&B19) -> 3
A20: F2 | B20: 120 | C20: =COUNTIFS(Registros!$C$6:$C$20,A20,Registros!$H$6:$H$20,"Éxito") -> 3 | D20: =COUNTIFS(Registros!$C$6:$C$20,A20,Registros!$H$6:$H$20,"Fallo") -> 0 | E20: =IFERROR(AVERAGEIF(Registros!$C$6:$C$20,A20,Registros!$F$6:$F$20)/86400,"") -> 0.00074845679 | F20: =C20/3 -> 1 | G20: =COUNTIFS(Registros!$C$6:$C$20,A20,Registros!$F$6:$F$20,">0",Registros!$F$6:$F$20,"<="&B20) -> 3
A21: F3 | B21: 180 | C21: =COUNTIFS(Registros!$C$6:$C$20,A21,Registros!$H$6:$H$20,"Éxito") -> 2 | D21: =COUNTIFS(Registros!$C$6:$C$20,A21,Registros!$H$6:$H$20,"Fallo") -> 1 | E21: =IFERROR(AVERAGEIF(Registros!$C$6:$C$20,A21,Registros!$F$6:$F$20)/86400,"") -> 0.0016165123 | F21: =C21/3 -> 0.66666667 | G21: =COUNTIFS(Registros!$C$6:$C$20,A21,Registros!$F$6:$F$20,">0",Registros!$F$6:$F$20,"<="&B21) -> 2
A22: F4 | B22: 180 | C22: =COUNTIFS(Registros!$C$6:$C$20,A22,Registros!$H$6:$H$20,"Éxito") -> 3 | D22: =COUNTIFS(Registros!$C$6:$C$20,A22,Registros!$H$6:$H$20,"Fallo") -> 0 | E22: =IFERROR(AVERAGEIF(Registros!$C$6:$C$20,A22,Registros!$F$6:$F$20)/86400,"") -> 0.0018595679 | F22: =C22/3 -> 1 | G22: =COUNTIFS(Registros!$C$6:$C$20,A22,Registros!$F$6:$F$20,">0",Registros!$F$6:$F$20,"<="&B22) -> 3
A23: F5 | B23: 120 | C23: =COUNTIFS(Registros!$C$6:$C$20,A23,Registros!$H$6:$H$20,"Éxito") -> 3 | D23: =COUNTIFS(Registros!$C$6:$C$20,A23,Registros!$H$6:$H$20,"Fallo") -> 0 | E23: =IFERROR(AVERAGEIF(Registros!$C$6:$C$20,A23,Registros!$F$6:$F$20)/86400,"") -> 0.00042438272 | F23: =C23/3 -> 1 | G23: =COUNTIFS(Registros!$C$6:$C$20,A23,Registros!$F$6:$F$20,">0",Registros!$F$6:$F$20,"<="&B23) -> 3
A26: Control final
A27: Paso | B27: Responsable | C27: Estado
A28: Revisar las 15 filas y resolver vacíos | B28: Juan
A29: Validar firmas y fotografías | B29: Alejandra | C29: Completo
A30: Entregar el archivo único para análisis | B30: Alejandra y Juan

Sheet Registros
A2: Registro de sesiones de usabilidad de Fase 2
A3: Campos amarillos: captura del anotador. Registra el tiempo incluso cuando falle y conserva las palabras exactas del participante.
A5: ID | B5: Participante | C5: Tarea | D5: Flujo | E5: Límite (seg) | F5: Tiempo (seg) | G5: Tiempo | H5: Resultado | I5: Motivo de fallo | J5: Punto de fricción observable | K5: Comentario textual | L5: Ayuda o intervención | M5: Incidencia del ambiente | N5: Notas del anotador
A6: P01-F1 | B6: P01 | C6: F1 | D6: Alta de producto | E6: 180 | F6: =180-22 -> 158 | G6: =IF(F6="","",F6/86400) -> 0.0018287037 | H6: Éxito | I6: No aplica | J6: Oprimió "cancelar" en lugar de guardar y tuvo que repetir el proceso. | K6: "Pensé que le había dado en guardar, pero no pude ver bien, así que parece que lo eliminé." | L6: Ninguna | M6: Ninguna | N6: El tiempo estuvo algo justo par apoder añadir el producto por repetir el proceso.
A7: P01-F2 | B7: P01 | C7: F2 | D7: Vincular proveedor | E7: 120 | F7: =120-51 -> 69 | G7: =IF(F7="","",F7/86400) -> 0.00079861111 | H7: Éxito | I7: No aplica | J7: No aplica | K7: "Que confuso poder localizar dónde añadir el proveedor." | L7: Ninguna | M7: Ninguna | N7: Se le hizo fácil añadir el proveedor.
A8: P01-F3 | B8: P01 | C8: F3 | D8: Registrar venta | E8: 180 | F8: =180-40 -> 140 | G8: =IF(F8="","",F8/86400) -> 0.0016203704 | H8: Éxito | I8: No aplica | J8: No aplica | K8: "No lograba encontrar dónde vender el producto, pero toda ves lo encontré, fue fácil llenar lo solicitado." | L8: Ninguna | M8: Ninguna | N8: Ligero problema por contraste de texto respecto al fondo.
A9: P01-F4 | B9: P01 | C9: F4 | D9: Crear y programar publicación | E9: 180 | F9: =180-52 -> 128 | G9: =IF(F9="","",F9/86400) -> 0.0014814815 | H9: Éxito | I9: No aplica | J9: Al elegir el proyecto y formato de publicación no se leían los textos sin tener que poner el cursor encima de las opciones. | K9: "Al darle programar a la publicación, le cambió la hora a las 4:00 am, y sí había escrito bien la hora, pero al guardar el borrador lo cambió el sistema." | L9: Ninguna | M9: Ninguna | N9: Efectivamente, al un problema con las publicaciones de marketing, cambia la hora en la que se programa.
A10: P01-F5 | B10: P01 | C10: F5 | D10: Filtrar publicaciones por estado | E10: 120 | F10: =120-100 -> 20 | G10: =IF(F10="","",F10/86400) -> 0.00023148148 | H10: Éxito | I10: No aplica | J10: Dudó al momento de poder dejar programada la publicación. | K10: "Para filtrar, ¿cómo lo hago?" | L10: Ninguna | M10: Ninguna | N10: No identificó inmediatamente el control para filtrar por estado
A11: P02-F1 | B11: P02 | C11: F1 | D11: Alta de producto | E11: 180 | F11: =180-38 -> 142 | G11: =IF(F11="","",F11/86400) -> 0.0016435185 | H11: Éxito | I11: No aplica | J11: Ubicar dónde se puede añadir productos | K11: "Me confunde la interfaz porque no está a la mano como imaginé cada botón/acción/encabezado." | L11: Ninguna | M11: Ninguna | N11: No le fue muy intuitivo el añadir el producto porque esperaba que hubiera un botón de acceso directo en la pantalla principal.
A12: P02-F2 | B12: P02 | C12: F2 | D12: Vincular proveedor | E12: 120 | F12: =120-40 -> 80 | G12: =IF(F12="","",F12/86400) -> 0.00092592593 | H12: Éxito | I12: No aplica | J12: Le constó un poco asimilar que en la tarjeta del producto se añade el proveedor. | K12: "Estaría mejor si pudiera pensar o encontrar intuitivamente que ahí mismo está para vincular el proveedor, no pensé que estaría ahí." | L12: Ninguna | M12: Ninguna | N12: Le costó un poco asimilar que en la tarjeta del producto estuviera la vinculación con el proveedor.
A13: P02-F3 | B13: P02 | C13: F3 | D13: Registrar venta | E13: 180 | F13: =180+20 -> 200 | G13: =IF(F13="","",F13/86400) -> 0.0023148148 | H13: Fallo | I13: Por tiempo | J13: Confundir añadir proyecto con añadir venta, pensó que para crear la venta debía estar la función dentro de la tarjeta del producto. | K13: "Cuándo dicen en Stock, ¿a qué se refieren? No encuentró fácilmente si realicé la venta, deberían poner una notificación push/rápida para confirmarlo" | L13: Ninguna | M13: Ninguna | N13: Navegó en otras pestañas antes de póner encontrar dónde era. No lograba terminar de entender el proceso de vender el producto.
A14: P02-F4 | B14: P02 | C14: F4 | D14: Crear y programar publicación | E14: 180 | F14: =180 -> 180 | G14: =IF(F14="","",F14/86400) -> 0.0020833333 | H14: Éxito | I14: No aplica | J14: Al elegir el proyecto y formato de publicación no se leían los textos sin tener que poner el cursor encima de las opciones. | K14: "Me gustaría o sería mejor que pudiera ver las opciones sin tener que mover el mouse sobre las posibles opciones buscando." | L14: Ninguna | M14: Ninguna | N14: Le resultó mucho más fácil redactar la publicación, aunque sigue el problema de la visualización de ciertos apartados. Tiempo justo al poder dejarla programada.
A15: P02-F5 | B15: P02 | C15: F5 | D15: Filtrar publicaciones por estado | E15: 120 | F15: =120-45 -> 75 | G15: =IF(F15="","",F15/86400) -> 0.00086805556 | H15: Éxito | I15: No aplica | J15: No aplica | K15: "Me costó un poco ver dónde estaba lo necesario para filtrar, pero una vez encontrado, me fue muy fácil." | L15: Ninguna | M15: Ninguna | N15: Tardó en localizar el filtro; después lo utilizó sin dificultad
A16: P03-F1 | B16: P03 | C16: F1 | D16: Alta de producto | E16: 180 | F16: =180-90 -> 90 | G16: =IF(F16="","",F16/86400) -> 0.0010416667 | H16: Éxito | I16: No aplica | J16: No aplica | K16: "¿En inventario? A saber, ¿una nueva tarea?" | L16: Ninguna | M16: Ninguna | N16: Hubo un poco de confusión al encontrar dónde añadir el producto, pero luego de navegar un poco, lo encontró.
A17: P03-F2 | B17: P03 | C17: F2 | D17: Vincular proveedor | E17: 120 | F17: =120-75 -> 45 | G17: =IF(F17="","",F17/86400) -> 0.00052083333 | H17: Éxito | I17: No aplica | J17: Pensó que aparecería otra vista para vincular el proveedor. | K17: "Sí puedo validar el proveedor vinculado." | L17: Ninguna | M17: Ninguna | N17: Hubo complicación al vincular el proveedor porque pensó que al oprimir el botón, cambiaría la vista/saldría una ventana para hacerlo. Luego de llenar los datos, pudo terminar satisfactoriamente.
A18: P03-F3 | B18: P03 | C18: F3 | D18: Registrar venta | E18: 180 | F18: =180-101 -> 79 | G18: =IF(F18="","",F18/86400) -> 0.00091435185 | H18: Éxito | I18: No aplica | J18: Encontrar dónde ingresar para registrar la venta. | K18: "¿Dónde puedo hacerlo...? ¿Habrá una ventana de ventas exclusivamente?, ah es en inventario también." | L18: Ninguna | M18: Ninguna | N18: Buscaba algún espacio de "ventas" o similares
A19: P03-F4 | B19: P03 | C19: F4 | D19: Crear y programar publicación | E19: 180 | F19: =180-6 -> 174 | G19: =IF(F19="","",F19/86400) -> 0.0020138889 | H19: Éxito | I19: No aplica | J19: Al elegir el proyecto y formato de publicación no se leían los textos sin tener que poner el cursor encima de las opciones. | K19: "Ya lo hice, la que estaba ahí la programé. Ah, ¿Debía ser una nueva? ¿Dónde le doy?" | L19: Ninguna | M19: Ninguna | N19: Hubo un poco de confusión al crear una publicación nueva, y programó la que ya estaba de borrador en el entorno de prueba.
A20: P03-F5 | B20: P03 | C20: F5 | D20: Filtrar publicaciones por estado | E20: 120 | F20: =120-105 -> 15 | G20: =IF(F20="","",F20/86400) -> 0.00017361111 | H20: Éxito | I20: No aplica | J20: No aplica | K20: "Aquí puedo ver filtrada la que acabo de crear." | L20: Ninguna | M20: Ninguna | N20: No tuvo problemas al culminar la tarea.

Sheet Evidencia
A2: Evidencia y privacidad
A3: Usa solo identificadores P01–P03. Conserva los consentimientos firmados separados de las notas y fotos.
A5: Participante | B5: Perfil confirmado | C5: Consentimiento firmado | D5: Foto válida sin rostro | E5: Archivo de consentimiento | F5: Archivo de fotografía | G5: Observación de privacidad | H5: Estado de sesión
A6: P01 | B6: Sí | C6: Sí | D6: Sí | E6: P01_consentimiento.pdf | F6: P01_evidencia_01.jpg | G6: Sin rostro, únicamente la fotografía y el audio para transcribir las notas necesarias para el estudio. | H6: =IF(AND(B6="Sí",C6="Sí",D6="Sí",COUNTIF(Registros!$B$6:$B$20,A6)=5,COUNTIFS(Registros!$B$6:$B$20,A6,Registros!$H$6:$H$20,"Éxito")+COUNTIFS(Registros!$B$6:$B$20,A6,Registros!$H$6:$H$20,"Fallo")=5),"Completa","Pendiente") -> Completa
A7: P02 | B7: Sí | C7: Sí | D7: Sí | E7: P02_consentimiento.pdf | F7: P02_evidencia_01.jpg | G7: Sin rostro, únicamente la fotografía y el audio para transcribir las notas necesarias para el estudio. | H7: =IF(AND(B7="Sí",C7="Sí",D7="Sí",COUNTIF(Registros!$B$6:$B$20,A7)=5,COUNTIFS(Registros!$B$6:$B$20,A7,Registros!$H$6:$H$20,"Éxito")+COUNTIFS(Registros!$B$6:$B$20,A7,Registros!$H$6:$H$20,"Fallo")=5),"Completa","Pendiente") -> Completa
A8: P03 | B8: Sí | C8: Sí | D8: Sí | E8: P03_consentimiento.pdf | F8: P03_evidencia_01.jpg | G8: Sin rostro, únicamente la fotografía y el audio para transcribir las notas necesarias para el estudio. | H8: =IF(AND(B8="Sí",C8="Sí",D8="Sí",COUNTIF(Registros!$B$6:$B$20,A8)=5,COUNTIFS(Registros!$B$6:$B$20,A8,Registros!$H$6:$H$20,"Éxito")+COUNTIFS(Registros!$B$6:$B$20,A8,Registros!$H$6:$H$20,"Fallo")=5),"Completa","Pendiente") -> Completa
A11: Checklist de fotografía
A12: Control | B12: Verificación
A13: Rostro fuera del encuadre | B13: Sí
A14: Correo y contraseña no visibles | B14: Sí
A15: Sin otras aplicaciones o mensajes | B15: Sí
A16: Nombre de archivo correcto | B16: Sí
A17: Autorización confirmada al finalizar | B17: Sí

Sheet Hallazgos
A2: Plantilla de hallazgos de usabilidad
A3: Consolida patrones después de completar las tres sesiones. Cita IDs de registro como P01-F2; no inventes frecuencia.
A5: ID | B5: Tarea | C5: Punto de fricción | D5: Evidencia e IDs | E5: Frecuencia | F5: Impacto | G5: Severidad | H5: Recomendación | I5: Responsable | J5: Estado
A6: H-01
A7: H-02
A8: H-03
A9: H-04
A10: H-05
A11: H-06
A12: H-07
A13: H-08
A14: H-09
A15: H-10
